function_name,file_name,size_increase_percent
print_path_0,generate_graph_cpp_file_0.cpp,0.0
dijkstra_shortest_path_0,generate_graph_cpp_file_0.cpp,12.357723577235772
filter_active_records_1,generate_data_processing_file_1.cpp,0.0
sort_records_by_value_1,generate_data_processing_file_1.cpp,0.26766595289079226
calculate_category_average_1,generate_data_processing_file_1.cpp,1.9042437431991295
run_processing_pipeline_1,generate_data_processing_file_1.cpp,8.168713294180458
Matrix_2::transpose,generate_matrix_cpp_file_2.cpp,0.0
Matrix_2::multiply,generate_matrix_cpp_file_2.cpp,0.0
trim_whitespace_3,generate_text_parser_file_3.cpp,5.520414031052328
parse_line_3,generate_text_parser_file_3.cpp,7.015526164462335
load_config_3,generate_text_parser_file_3.cpp,0.0
print_path_4,generate_graph_cpp_file_4.cpp,0.0
dijkstra_shortest_path_4,generate_graph_cpp_file_4.cpp,12.297734627831716
filter_active_records_5,generate_data_processing_file_5.cpp,0.0
sort_records_by_value_5,generate_data_processing_file_5.cpp,0.26766595289079226
calculate_category_average_5,generate_data_processing_file_5.cpp,1.9042437431991295
run_processing_pipeline_5,generate_data_processing_file_5.cpp,8.168713294180458
Matrix_6::transpose,generate_matrix_cpp_file_6.cpp,0.0
Matrix_6::multiply,generate_matrix_cpp_file_6.cpp,0.0
trim_whitespace_7,generate_text_parser_file_7.cpp,5.520414031052328
parse_line_7,generate_text_parser_file_7.cpp,7.015526164462335
load_config_7,generate_text_parser_file_7.cpp,0.0
print_path_8,generate_graph_cpp_file_8.cpp,0.0
dijkstra_shortest_path_8,generate_graph_cpp_file_8.cpp,12.297734627831716
filter_active_records_9,generate_data_processing_file_9.cpp,0.0
sort_records_by_value_9,generate_data_processing_file_9.cpp,0.26766595289079226
calculate_category_average_9,generate_data_processing_file_9.cpp,1.9042437431991295
run_processing_pipeline_9,generate_data_processing_file_9.cpp,8.168713294180458
Matrix_10::transpose,generate_matrix_cpp_file_10.cpp,0.0
Matrix_10::multiply,generate_matrix_cpp_file_10.cpp,0.0
trim_whitespace_11,generate_text_parser_file_11.cpp,5.520414031052328
parse_line_11,generate_text_parser_file_11.cpp,7.015526164462335
load_config_11,generate_text_parser_file_11.cpp,0.0
print_path_12,generate_graph_cpp_file_12.cpp,0.0
dijkstra_shortest_path_12,generate_graph_cpp_file_12.cpp,12.286411716842961
filter_active_records_13,generate_data_processing_file_13.cpp,0.0
sort_records_by_value_13,generate_data_processing_file_13.cpp,0.26752273943285176
calculate_category_average_13,generate_data_processing_file_13.cpp,1.9032082653616094
run_processing_pipeline_13,generate_data_processing_file_13.cpp,8.164354322305229
Matrix_14::transpose,generate_matrix_cpp_file_14.cpp,0.0
Matrix_14::multiply,generate_matrix_cpp_file_14.cpp,0.0
trim_whitespace_15,generate_text_parser_file_15.cpp,5.520414031052328
parse_line_15,generate_text_parser_file_15.cpp,7.015526164462335
load_config_15,generate_text_parser_file_15.cpp,0.0
print_path_16,generate_graph_cpp_file_16.cpp,0.0
dijkstra_shortest_path_16,generate_graph_cpp_file_16.cpp,12.266450040617384
filter_active_records_17,generate_data_processing_file_17.cpp,0.0
sort_records_by_value_17,generate_data_processing_file_17.cpp,0.26752273943285176
calculate_category_average_17,generate_data_processing_file_17.cpp,1.9032082653616094
run_processing_pipeline_17,generate_data_processing_file_17.cpp,8.164354322305229
Matrix_18::transpose,generate_matrix_cpp_file_18.cpp,0.0
Matrix_18::multiply,generate_matrix_cpp_file_18.cpp,0.0
trim_whitespace_19,generate_text_parser_file_19.cpp,5.520414031052328
parse_line_19,generate_text_parser_file_19.cpp,7.015526164462335
load_config_19,generate_text_parser_file_19.cpp,0.0
print_path_20,generate_graph_cpp_file_20.cpp,0.0
dijkstra_shortest_path_20,generate_graph_cpp_file_20.cpp,12.206952303961197
filter_active_records_21,generate_data_processing_file_21.cpp,0.0
sort_records_by_value_21,generate_data_processing_file_21.cpp,0.26752273943285176
calculate_category_average_21,generate_data_processing_file_21.cpp,1.9032082653616094
run_processing_pipeline_21,generate_data_processing_file_21.cpp,8.164354322305229
Matrix_22::transpose,generate_matrix_cpp_file_22.cpp,0.0
Matrix_22::multiply,generate_matrix_cpp_file_22.cpp,0.0
trim_whitespace_23,generate_text_parser_file_23.cpp,5.520414031052328
parse_line_23,generate_text_parser_file_23.cpp,7.015526164462335
load_config_23,generate_text_parser_file_23.cpp,0.0
print_path_24,generate_graph_cpp_file_24.cpp,0.0
dijkstra_shortest_path_24,generate_graph_cpp_file_24.cpp,12.286411716842961
filter_active_records_25,generate_data_processing_file_25.cpp,0.0
sort_records_by_value_25,generate_data_processing_file_25.cpp,0.26752273943285176
calculate_category_average_25,generate_data_processing_file_25.cpp,1.9032082653616094
run_processing_pipeline_25,generate_data_processing_file_25.cpp,8.164354322305229
Matrix_26::transpose,generate_matrix_cpp_file_26.cpp,0.0
Matrix_26::multiply,generate_matrix_cpp_file_26.cpp,0.0
trim_whitespace_27,generate_text_parser_file_27.cpp,5.520414031052328
parse_line_27,generate_text_parser_file_27.cpp,7.015526164462335
load_config_27,generate_text_parser_file_27.cpp,0.0
print_path_28,generate_graph_cpp_file_28.cpp,0.0
dijkstra_shortest_path_28,generate_graph_cpp_file_28.cpp,12.286411716842961
filter_active_records_29,generate_data_processing_file_29.cpp,0.0
sort_records_by_value_29,generate_data_processing_file_29.cpp,0.26752273943285176
calculate_category_average_29,generate_data_processing_file_29.cpp,1.9032082653616094
run_processing_pipeline_29,generate_data_processing_file_29.cpp,8.164354322305229
Matrix_30::transpose,generate_matrix_cpp_file_30.cpp,0.0
Matrix_30::multiply,generate_matrix_cpp_file_30.cpp,0.0
trim_whitespace_31,generate_text_parser_file_31.cpp,5.520414031052328
parse_line_31,generate_text_parser_file_31.cpp,7.015526164462335
load_config_31,generate_text_parser_file_31.cpp,0.0
print_path_32,generate_graph_cpp_file_32.cpp,0.0
dijkstra_shortest_path_32,generate_graph_cpp_file_32.cpp,12.266450040617384
filter_active_records_33,generate_data_processing_file_33.cpp,0.0
sort_records_by_value_33,generate_data_processing_file_33.cpp,0.26752273943285176
calculate_category_average_33,generate_data_processing_file_33.cpp,1.9032082653616094
run_processing_pipeline_33,generate_data_processing_file_33.cpp,8.164354322305229
Matrix_34::transpose,generate_matrix_cpp_file_34.cpp,0.0
Matrix_34::multiply,generate_matrix_cpp_file_34.cpp,0.0
trim_whitespace_35,generate_text_parser_file_35.cpp,5.520414031052328
parse_line_35,generate_text_parser_file_35.cpp,7.015526164462335
load_config_35,generate_text_parser_file_35.cpp,0.0
print_path_36,generate_graph_cpp_file_36.cpp,0.0
dijkstra_shortest_path_36,generate_graph_cpp_file_36.cpp,12.266450040617384
filter_active_records_37,generate_data_processing_file_37.cpp,0.0
sort_records_by_value_37,generate_data_processing_file_37.cpp,0.26752273943285176
calculate_category_average_37,generate_data_processing_file_37.cpp,1.9032082653616094
run_processing_pipeline_37,generate_data_processing_file_37.cpp,8.164354322305229
Matrix_38::transpose,generate_matrix_cpp_file_38.cpp,0.0
Matrix_38::multiply,generate_matrix_cpp_file_38.cpp,0.0
trim_whitespace_39,generate_text_parser_file_39.cpp,5.520414031052328
parse_line_39,generate_text_parser_file_39.cpp,7.015526164462335
load_config_39,generate_text_parser_file_39.cpp,0.0
print_path_40,generate_graph_cpp_file_40.cpp,0.0
dijkstra_shortest_path_40,generate_graph_cpp_file_40.cpp,12.266450040617384
filter_active_records_41,generate_data_processing_file_41.cpp,0.0
sort_records_by_value_41,generate_data_processing_file_41.cpp,0.26752273943285176
calculate_category_average_41,generate_data_processing_file_41.cpp,1.9032082653616094
run_processing_pipeline_41,generate_data_processing_file_41.cpp,8.164354322305229
Matrix_42::transpose,generate_matrix_cpp_file_42.cpp,0.0
Matrix_42::multiply,generate_matrix_cpp_file_42.cpp,0.0
trim_whitespace_43,generate_text_parser_file_43.cpp,5.520414031052328
parse_line_43,generate_text_parser_file_43.cpp,7.015526164462335
load_config_43,generate_text_parser_file_43.cpp,0.0
print_path_44,generate_graph_cpp_file_44.cpp,0.0
dijkstra_shortest_path_44,generate_graph_cpp_file_44.cpp,12.266450040617384
filter_active_records_45,generate_data_processing_file_45.cpp,0.0
sort_records_by_value_45,generate_data_processing_file_45.cpp,0.26752273943285176
calculate_category_average_45,generate_data_processing_file_45.cpp,1.9032082653616094
run_processing_pipeline_45,generate_data_processing_file_45.cpp,8.164354322305229
Matrix_46::transpose,generate_matrix_cpp_file_46.cpp,0.0
Matrix_46::multiply,generate_matrix_cpp_file_46.cpp,0.0
trim_whitespace_47,generate_text_parser_file_47.cpp,5.520414031052328
parse_line_47,generate_text_parser_file_47.cpp,7.015526164462335
load_config_47,generate_text_parser_file_47.cpp,0.0
print_path_48,generate_graph_cpp_file_48.cpp,0.0
dijkstra_shortest_path_48,generate_graph_cpp_file_48.cpp,12.266450040617384
filter_active_records_49,generate_data_processing_file_49.cpp,0.0
sort_records_by_value_49,generate_data_processing_file_49.cpp,0.26752273943285176
calculate_category_average_49,generate_data_processing_file_49.cpp,1.9032082653616094
run_processing_pipeline_49,generate_data_processing_file_49.cpp,8.164354322305229
Matrix_50::transpose,generate_matrix_cpp_file_50.cpp,0.0
Matrix_50::multiply,generate_matrix_cpp_file_50.cpp,0.0
trim_whitespace_51,generate_text_parser_file_51.cpp,5.520414031052328
parse_line_51,generate_text_parser_file_51.cpp,7.015526164462335
load_config_51,generate_text_parser_file_51.cpp,0.0
print_path_52,generate_graph_cpp_file_52.cpp,0.0
dijkstra_shortest_path_52,generate_graph_cpp_file_52.cpp,12.266450040617384
filter_active_records_53,generate_data_processing_file_53.cpp,0.0
sort_records_by_value_53,generate_data_processing_file_53.cpp,0.26752273943285176
calculate_category_average_53,generate_data_processing_file_53.cpp,1.9032082653616094
run_processing_pipeline_53,generate_data_processing_file_53.cpp,8.164354322305229
Matrix_54::transpose,generate_matrix_cpp_file_54.cpp,0.0
Matrix_54::multiply,generate_matrix_cpp_file_54.cpp,0.0
trim_whitespace_55,generate_text_parser_file_55.cpp,5.520414031052328
parse_line_55,generate_text_parser_file_55.cpp,7.015526164462335
load_config_55,generate_text_parser_file_55.cpp,0.0
print_path_56,generate_graph_cpp_file_56.cpp,0.0
dijkstra_shortest_path_56,generate_graph_cpp_file_56.cpp,12.286411716842961
filter_active_records_57,generate_data_processing_file_57.cpp,0.0
sort_records_by_value_57,generate_data_processing_file_57.cpp,0.26752273943285176
calculate_category_average_57,generate_data_processing_file_57.cpp,1.9032082653616094
run_processing_pipeline_57,generate_data_processing_file_57.cpp,8.164354322305229
Matrix_58::transpose,generate_matrix_cpp_file_58.cpp,0.0
Matrix_58::multiply,generate_matrix_cpp_file_58.cpp,0.0
trim_whitespace_59,generate_text_parser_file_59.cpp,5.520414031052328
parse_line_59,generate_text_parser_file_59.cpp,7.015526164462335
load_config_59,generate_text_parser_file_59.cpp,0.0
print_path_60,generate_graph_cpp_file_60.cpp,0.0
dijkstra_shortest_path_60,generate_graph_cpp_file_60.cpp,12.286411716842961
filter_active_records_61,generate_data_processing_file_61.cpp,0.0
sort_records_by_value_61,generate_data_processing_file_61.cpp,0.26752273943285176
calculate_category_average_61,generate_data_processing_file_61.cpp,1.9032082653616094
run_processing_pipeline_61,generate_data_processing_file_61.cpp,8.164354322305229
Matrix_62::transpose,generate_matrix_cpp_file_62.cpp,0.0
Matrix_62::multiply,generate_matrix_cpp_file_62.cpp,0.0
trim_whitespace_63,generate_text_parser_file_63.cpp,5.520414031052328
parse_line_63,generate_text_parser_file_63.cpp,7.015526164462335
load_config_63,generate_text_parser_file_63.cpp,0.0
print_path_64,generate_graph_cpp_file_64.cpp,0.0
dijkstra_shortest_path_64,generate_graph_cpp_file_64.cpp,12.266450040617384
filter_active_records_65,generate_data_processing_file_65.cpp,0.0
sort_records_by_value_65,generate_data_processing_file_65.cpp,0.26752273943285176
calculate_category_average_65,generate_data_processing_file_65.cpp,1.9032082653616094
run_processing_pipeline_65,generate_data_processing_file_65.cpp,8.164354322305229
Matrix_66::transpose,generate_matrix_cpp_file_66.cpp,0.0
Matrix_66::multiply,generate_matrix_cpp_file_66.cpp,0.0
trim_whitespace_67,generate_text_parser_file_67.cpp,5.520414031052328
parse_line_67,generate_text_parser_file_67.cpp,7.015526164462335
load_config_67,generate_text_parser_file_67.cpp,0.0
print_path_68,generate_graph_cpp_file_68.cpp,0.0
dijkstra_shortest_path_68,generate_graph_cpp_file_68.cpp,12.286411716842961
filter_active_records_69,generate_data_processing_file_69.cpp,0.0
sort_records_by_value_69,generate_data_processing_file_69.cpp,0.26752273943285176
calculate_category_average_69,generate_data_processing_file_69.cpp,1.9032082653616094
run_processing_pipeline_69,generate_data_processing_file_69.cpp,8.164354322305229
Matrix_70::transpose,generate_matrix_cpp_file_70.cpp,0.0
Matrix_70::multiply,generate_matrix_cpp_file_70.cpp,0.0
trim_whitespace_71,generate_text_parser_file_71.cpp,5.520414031052328
parse_line_71,generate_text_parser_file_71.cpp,7.015526164462335
load_config_71,generate_text_parser_file_71.cpp,0.0
print_path_72,generate_graph_cpp_file_72.cpp,0.0
dijkstra_shortest_path_72,generate_graph_cpp_file_72.cpp,12.266450040617384
filter_active_records_73,generate_data_processing_file_73.cpp,0.0
sort_records_by_value_73,generate_data_processing_file_73.cpp,0.26752273943285176
calculate_category_average_73,generate_data_processing_file_73.cpp,1.9032082653616094
run_processing_pipeline_73,generate_data_processing_file_73.cpp,8.164354322305229
Matrix_74::transpose,generate_matrix_cpp_file_74.cpp,0.0
Matrix_74::multiply,generate_matrix_cpp_file_74.cpp,0.0
trim_whitespace_75,generate_text_parser_file_75.cpp,5.520414031052328
parse_line_75,generate_text_parser_file_75.cpp,7.015526164462335
load_config_75,generate_text_parser_file_75.cpp,0.0
print_path_76,generate_graph_cpp_file_76.cpp,0.0
dijkstra_shortest_path_76,generate_graph_cpp_file_76.cpp,12.266450040617384
filter_active_records_77,generate_data_processing_file_77.cpp,0.0
sort_records_by_value_77,generate_data_processing_file_77.cpp,0.26752273943285176
calculate_category_average_77,generate_data_processing_file_77.cpp,1.9032082653616094
run_processing_pipeline_77,generate_data_processing_file_77.cpp,8.164354322305229
Matrix_78::transpose,generate_matrix_cpp_file_78.cpp,0.0
Matrix_78::multiply,generate_matrix_cpp_file_78.cpp,0.0
trim_whitespace_79,generate_text_parser_file_79.cpp,5.520414031052328
parse_line_79,generate_text_parser_file_79.cpp,7.015526164462335
load_config_79,generate_text_parser_file_79.cpp,0.0
print_path_80,generate_graph_cpp_file_80.cpp,0.0
dijkstra_shortest_path_80,generate_graph_cpp_file_80.cpp,12.266450040617384
filter_active_records_81,generate_data_processing_file_81.cpp,0.0
sort_records_by_value_81,generate_data_processing_file_81.cpp,0.26752273943285176
calculate_category_average_81,generate_data_processing_file_81.cpp,1.9032082653616094
run_processing_pipeline_81,generate_data_processing_file_81.cpp,8.164354322305229
Matrix_82::transpose,generate_matrix_cpp_file_82.cpp,0.0
Matrix_82::multiply,generate_matrix_cpp_file_82.cpp,0.0
trim_whitespace_83,generate_text_parser_file_83.cpp,5.520414031052328
parse_line_83,generate_text_parser_file_83.cpp,7.015526164462335
load_config_83,generate_text_parser_file_83.cpp,0.0
print_path_84,generate_graph_cpp_file_84.cpp,0.0
dijkstra_shortest_path_84,generate_graph_cpp_file_84.cpp,12.266450040617384
filter_active_records_85,generate_data_processing_file_85.cpp,0.0
sort_records_by_value_85,generate_data_processing_file_85.cpp,0.26752273943285176
calculate_category_average_85,generate_data_processing_file_85.cpp,1.9032082653616094
run_processing_pipeline_85,generate_data_processing_file_85.cpp,8.164354322305229
Matrix_86::transpose,generate_matrix_cpp_file_86.cpp,0.0
Matrix_86::multiply,generate_matrix_cpp_file_86.cpp,0.0
trim_whitespace_87,generate_text_parser_file_87.cpp,5.520414031052328
parse_line_87,generate_text_parser_file_87.cpp,7.015526164462335
load_config_87,generate_text_parser_file_87.cpp,0.0
print_path_88,generate_graph_cpp_file_88.cpp,0.0
dijkstra_shortest_path_88,generate_graph_cpp_file_88.cpp,12.286411716842961
filter_active_records_89,generate_data_processing_file_89.cpp,0.0
sort_records_by_value_89,generate_data_processing_file_89.cpp,0.26752273943285176
calculate_category_average_89,generate_data_processing_file_89.cpp,1.9032082653616094
run_processing_pipeline_89,generate_data_processing_file_89.cpp,8.164354322305229
Matrix_90::transpose,generate_matrix_cpp_file_90.cpp,0.0
Matrix_90::multiply,generate_matrix_cpp_file_90.cpp,0.0
trim_whitespace_91,generate_text_parser_file_91.cpp,5.520414031052328
parse_line_91,generate_text_parser_file_91.cpp,7.015526164462335
load_config_91,generate_text_parser_file_91.cpp,0.0
print_path_92,generate_graph_cpp_file_92.cpp,0.0
dijkstra_shortest_path_92,generate_graph_cpp_file_92.cpp,12.206952303961197
filter_active_records_93,generate_data_processing_file_93.cpp,0.0
sort_records_by_value_93,generate_data_processing_file_93.cpp,0.26752273943285176
calculate_category_average_93,generate_data_processing_file_93.cpp,1.9032082653616094
run_processing_pipeline_93,generate_data_processing_file_93.cpp,8.164354322305229
Matrix_94::transpose,generate_matrix_cpp_file_94.cpp,0.0
Matrix_94::multiply,generate_matrix_cpp_file_94.cpp,0.0
trim_whitespace_95,generate_text_parser_file_95.cpp,5.520414031052328
parse_line_95,generate_text_parser_file_95.cpp,7.015526164462335
load_config_95,generate_text_parser_file_95.cpp,0.0
print_path_96,generate_graph_cpp_file_96.cpp,0.0
dijkstra_shortest_path_96,generate_graph_cpp_file_96.cpp,12.266450040617384
filter_active_records_97,generate_data_processing_file_97.cpp,0.0
sort_records_by_value_97,generate_data_processing_file_97.cpp,0.26752273943285176
calculate_category_average_97,generate_data_processing_file_97.cpp,1.9032082653616094
run_processing_pipeline_97,generate_data_processing_file_97.cpp,8.164354322305229
Matrix_98::transpose,generate_matrix_cpp_file_98.cpp,0.0
Matrix_98::multiply,generate_matrix_cpp_file_98.cpp,0.0
trim_whitespace_99,generate_text_parser_file_99.cpp,5.520414031052328
parse_line_99,generate_text_parser_file_99.cpp,7.015526164462335
load_config_99,generate_text_parser_file_99.cpp,0.0
print_path_100,generate_graph_cpp_file_100.cpp,0.0
dijkstra_shortest_path_100,generate_graph_cpp_file_100.cpp,12.206952303961197
filter_active_records_101,generate_data_processing_file_101.cpp,0.0
sort_records_by_value_101,generate_data_processing_file_101.cpp,0.267379679144385
calculate_category_average_101,generate_data_processing_file_101.cpp,1.9021739130434785
run_processing_pipeline_101,generate_data_processing_file_101.cpp,8.16
Matrix_102::transpose,generate_matrix_cpp_file_102.cpp,0.0
Matrix_102::multiply,generate_matrix_cpp_file_102.cpp,0.0
trim_whitespace_103,generate_text_parser_file_103.cpp,5.520414031052328
parse_line_103,generate_text_parser_file_103.cpp,7.015526164462335
load_config_103,generate_text_parser_file_103.cpp,0.0
print_path_104,generate_graph_cpp_file_104.cpp,0.0
dijkstra_shortest_path_104,generate_graph_cpp_file_104.cpp,12.266450040617384
filter_active_records_105,generate_data_processing_file_105.cpp,0.0
sort_records_by_value_105,generate_data_processing_file_105.cpp,0.267379679144385
calculate_category_average_105,generate_data_processing_file_105.cpp,1.9021739130434785
run_processing_pipeline_105,generate_data_processing_file_105.cpp,8.16
Matrix_106::transpose,generate_matrix_cpp_file_106.cpp,0.0
Matrix_106::multiply,generate_matrix_cpp_file_106.cpp,0.0
trim_whitespace_107,generate_text_parser_file_107.cpp,5.520414031052328
parse_line_107,generate_text_parser_file_107.cpp,7.015526164462335
load_config_107,generate_text_parser_file_107.cpp,0.0
print_path_108,generate_graph_cpp_file_108.cpp,0.0
dijkstra_shortest_path_108,generate_graph_cpp_file_108.cpp,12.266450040617384
filter_active_records_109,generate_data_processing_file_109.cpp,0.0
sort_records_by_value_109,generate_data_processing_file_109.cpp,0.267379679144385
calculate_category_average_109,generate_data_processing_file_109.cpp,1.9021739130434785
run_processing_pipeline_109,generate_data_processing_file_109.cpp,8.16
Matrix_110::transpose,generate_matrix_cpp_file_110.cpp,0.0
Matrix_110::multiply,generate_matrix_cpp_file_110.cpp,0.0
trim_whitespace_111,generate_text_parser_file_111.cpp,5.520414031052328
parse_line_111,generate_text_parser_file_111.cpp,7.015526164462335
load_config_111,generate_text_parser_file_111.cpp,0.0
print_path_112,generate_graph_cpp_file_112.cpp,0.0
dijkstra_shortest_path_112,generate_graph_cpp_file_112.cpp,12.286411716842961
filter_active_records_113,generate_data_processing_file_113.cpp,0.0
sort_records_by_value_113,generate_data_processing_file_113.cpp,0.267379679144385
calculate_category_average_113,generate_data_processing_file_113.cpp,1.9021739130434785
run_processing_pipeline_113,generate_data_processing_file_113.cpp,8.16
Matrix_114::transpose,generate_matrix_cpp_file_114.cpp,0.0
Matrix_114::multiply,generate_matrix_cpp_file_114.cpp,0.0
trim_whitespace_115,generate_text_parser_file_115.cpp,5.520414031052328
parse_line_115,generate_text_parser_file_115.cpp,7.015526164462335
load_config_115,generate_text_parser_file_115.cpp,0.0
print_path_116,generate_graph_cpp_file_116.cpp,0.0
dijkstra_shortest_path_116,generate_graph_cpp_file_116.cpp,12.266450040617384
filter_active_records_117,generate_data_processing_file_117.cpp,0.0
sort_records_by_value_117,generate_data_processing_file_117.cpp,0.267379679144385
calculate_category_average_117,generate_data_processing_file_117.cpp,1.9021739130434785
run_processing_pipeline_117,generate_data_processing_file_117.cpp,8.16
Matrix_118::transpose,generate_matrix_cpp_file_118.cpp,0.0
Matrix_118::multiply,generate_matrix_cpp_file_118.cpp,0.0
trim_whitespace_119,generate_text_parser_file_119.cpp,5.520414031052328
parse_line_119,generate_text_parser_file_119.cpp,7.015526164462335
load_config_119,generate_text_parser_file_119.cpp,0.0
print_path_120,generate_graph_cpp_file_120.cpp,0.0
dijkstra_shortest_path_120,generate_graph_cpp_file_120.cpp,12.286411716842961
filter_active_records_121,generate_data_processing_file_121.cpp,0.0
sort_records_by_value_121,generate_data_processing_file_121.cpp,0.267379679144385
calculate_category_average_121,generate_data_processing_file_121.cpp,1.9021739130434785
run_processing_pipeline_121,generate_data_processing_file_121.cpp,8.16
Matrix_122::transpose,generate_matrix_cpp_file_122.cpp,0.0
Matrix_122::multiply,generate_matrix_cpp_file_122.cpp,0.0
trim_whitespace_123,generate_text_parser_file_123.cpp,5.520414031052328
parse_line_123,generate_text_parser_file_123.cpp,7.015526164462335
load_config_123,generate_text_parser_file_123.cpp,0.0
print_path_124,generate_graph_cpp_file_124.cpp,0.0
dijkstra_shortest_path_124,generate_graph_cpp_file_124.cpp,12.206952303961197
filter_active_records_125,generate_data_processing_file_125.cpp,0.0
sort_records_by_value_125,generate_data_processing_file_125.cpp,0.267379679144385
calculate_category_average_125,generate_data_processing_file_125.cpp,1.9021739130434785
run_processing_pipeline_125,generate_data_processing_file_125.cpp,8.16
Matrix_126::transpose,generate_matrix_cpp_file_126.cpp,0.0
Matrix_126::multiply,generate_matrix_cpp_file_126.cpp,0.0
trim_whitespace_127,generate_text_parser_file_127.cpp,5.520414031052328
parse_line_127,generate_text_parser_file_127.cpp,7.015526164462335
load_config_127,generate_text_parser_file_127.cpp,0.0
print_path_128,generate_graph_cpp_file_128.cpp,0.0
dijkstra_shortest_path_128,generate_graph_cpp_file_128.cpp,12.266450040617384
filter_active_records_129,generate_data_processing_file_129.cpp,0.0
sort_records_by_value_129,generate_data_processing_file_129.cpp,0.267379679144385
calculate_category_average_129,generate_data_processing_file_129.cpp,1.9021739130434785
run_processing_pipeline_129,generate_data_processing_file_129.cpp,8.16
Matrix_130::transpose,generate_matrix_cpp_file_130.cpp,0.0
Matrix_130::multiply,generate_matrix_cpp_file_130.cpp,0.0
trim_whitespace_131,generate_text_parser_file_131.cpp,5.520414031052328
parse_line_131,generate_text_parser_file_131.cpp,7.015526164462335
load_config_131,generate_text_parser_file_131.cpp,0.0
print_path_132,generate_graph_cpp_file_132.cpp,0.0
dijkstra_shortest_path_132,generate_graph_cpp_file_132.cpp,12.286411716842961
filter_active_records_133,generate_data_processing_file_133.cpp,0.0
sort_records_by_value_133,generate_data_processing_file_133.cpp,0.267379679144385
calculate_category_average_133,generate_data_processing_file_133.cpp,1.9021739130434785
run_processing_pipeline_133,generate_data_processing_file_133.cpp,8.16
Matrix_134::transpose,generate_matrix_cpp_file_134.cpp,0.0
Matrix_134::multiply,generate_matrix_cpp_file_134.cpp,0.0
trim_whitespace_135,generate_text_parser_file_135.cpp,5.520414031052328
parse_line_135,generate_text_parser_file_135.cpp,7.015526164462335
load_config_135,generate_text_parser_file_135.cpp,0.0
print_path_136,generate_graph_cpp_file_136.cpp,0.0
dijkstra_shortest_path_136,generate_graph_cpp_file_136.cpp,12.266450040617384
filter_active_records_137,generate_data_processing_file_137.cpp,0.0
sort_records_by_value_137,generate_data_processing_file_137.cpp,0.267379679144385
calculate_category_average_137,generate_data_processing_file_137.cpp,1.9021739130434785
run_processing_pipeline_137,generate_data_processing_file_137.cpp,8.16
Matrix_138::transpose,generate_matrix_cpp_file_138.cpp,0.0
Matrix_138::multiply,generate_matrix_cpp_file_138.cpp,0.0
trim_whitespace_139,generate_text_parser_file_139.cpp,5.520414031052328
parse_line_139,generate_text_parser_file_139.cpp,7.015526164462335
load_config_139,generate_text_parser_file_139.cpp,0.0
print_path_140,generate_graph_cpp_file_140.cpp,0.0
dijkstra_shortest_path_140,generate_graph_cpp_file_140.cpp,12.286411716842961
filter_active_records_141,generate_data_processing_file_141.cpp,0.0
sort_records_by_value_141,generate_data_processing_file_141.cpp,0.267379679144385
calculate_category_average_141,generate_data_processing_file_141.cpp,1.9021739130434785
run_processing_pipeline_141,generate_data_processing_file_141.cpp,8.16
Matrix_142::transpose,generate_matrix_cpp_file_142.cpp,0.0
Matrix_142::multiply,generate_matrix_cpp_file_142.cpp,0.0
trim_whitespace_143,generate_text_parser_file_143.cpp,5.520414031052328
parse_line_143,generate_text_parser_file_143.cpp,7.015526164462335
load_config_143,generate_text_parser_file_143.cpp,0.0
print_path_144,generate_graph_cpp_file_144.cpp,0.0
dijkstra_shortest_path_144,generate_graph_cpp_file_144.cpp,12.286411716842961
filter_active_records_145,generate_data_processing_file_145.cpp,0.0
sort_records_by_value_145,generate_data_processing_file_145.cpp,0.267379679144385
calculate_category_average_145,generate_data_processing_file_145.cpp,1.9021739130434785
run_processing_pipeline_145,generate_data_processing_file_145.cpp,8.16
Matrix_146::transpose,generate_matrix_cpp_file_146.cpp,0.0
Matrix_146::multiply,generate_matrix_cpp_file_146.cpp,0.0
trim_whitespace_147,generate_text_parser_file_147.cpp,5.520414031052328
parse_line_147,generate_text_parser_file_147.cpp,7.015526164462335
load_config_147,generate_text_parser_file_147.cpp,0.0
print_path_148,generate_graph_cpp_file_148.cpp,0.0
dijkstra_shortest_path_148,generate_graph_cpp_file_148.cpp,12.286411716842961
filter_active_records_149,generate_data_processing_file_149.cpp,0.0
sort_records_by_value_149,generate_data_processing_file_149.cpp,0.267379679144385
calculate_category_average_149,generate_data_processing_file_149.cpp,1.9021739130434785
run_processing_pipeline_149,generate_data_processing_file_149.cpp,8.16
Matrix_150::transpose,generate_matrix_cpp_file_150.cpp,0.0
Matrix_150::multiply,generate_matrix_cpp_file_150.cpp,0.0
trim_whitespace_151,generate_text_parser_file_151.cpp,5.520414031052328
parse_line_151,generate_text_parser_file_151.cpp,7.015526164462335
load_config_151,generate_text_parser_file_151.cpp,0.0
print_path_152,generate_graph_cpp_file_152.cpp,0.0
dijkstra_shortest_path_152,generate_graph_cpp_file_152.cpp,12.206952303961197
filter_active_records_153,generate_data_processing_file_153.cpp,0.0
sort_records_by_value_153,generate_data_processing_file_153.cpp,0.267379679144385
calculate_category_average_153,generate_data_processing_file_153.cpp,1.9021739130434785
run_processing_pipeline_153,generate_data_processing_file_153.cpp,8.16
Matrix_154::transpose,generate_matrix_cpp_file_154.cpp,0.0
Matrix_154::multiply,generate_matrix_cpp_file_154.cpp,0.0
trim_whitespace_155,generate_text_parser_file_155.cpp,5.520414031052328
parse_line_155,generate_text_parser_file_155.cpp,7.015526164462335
load_config_155,generate_text_parser_file_155.cpp,0.0
print_path_156,generate_graph_cpp_file_156.cpp,0.0
dijkstra_shortest_path_156,generate_graph_cpp_file_156.cpp,12.266450040617384
filter_active_records_157,generate_data_processing_file_157.cpp,0.0
sort_records_by_value_157,generate_data_processing_file_157.cpp,0.267379679144385
calculate_category_average_157,generate_data_processing_file_157.cpp,1.9021739130434785
run_processing_pipeline_157,generate_data_processing_file_157.cpp,8.16
Matrix_158::transpose,generate_matrix_cpp_file_158.cpp,0.0
Matrix_158::multiply,generate_matrix_cpp_file_158.cpp,0.0
trim_whitespace_159,generate_text_parser_file_159.cpp,5.520414031052328
parse_line_159,generate_text_parser_file_159.cpp,7.015526164462335
load_config_159,generate_text_parser_file_159.cpp,0.0
print_path_160,generate_graph_cpp_file_160.cpp,0.0
dijkstra_shortest_path_160,generate_graph_cpp_file_160.cpp,12.286411716842961
filter_active_records_161,generate_data_processing_file_161.cpp,0.0
sort_records_by_value_161,generate_data_processing_file_161.cpp,0.267379679144385
calculate_category_average_161,generate_data_processing_file_161.cpp,1.9021739130434785
run_processing_pipeline_161,generate_data_processing_file_161.cpp,8.16
Matrix_162::transpose,generate_matrix_cpp_file_162.cpp,0.0
Matrix_162::multiply,generate_matrix_cpp_file_162.cpp,0.0
trim_whitespace_163,generate_text_parser_file_163.cpp,5.520414031052328
parse_line_163,generate_text_parser_file_163.cpp,7.015526164462335
load_config_163,generate_text_parser_file_163.cpp,0.0
print_path_164,generate_graph_cpp_file_164.cpp,0.0
dijkstra_shortest_path_164,generate_graph_cpp_file_164.cpp,12.266450040617384
filter_active_records_165,generate_data_processing_file_165.cpp,0.0
sort_records_by_value_165,generate_data_processing_file_165.cpp,0.267379679144385
calculate_category_average_165,generate_data_processing_file_165.cpp,1.9021739130434785
run_processing_pipeline_165,generate_data_processing_file_165.cpp,8.16
Matrix_166::transpose,generate_matrix_cpp_file_166.cpp,0.0
Matrix_166::multiply,generate_matrix_cpp_file_166.cpp,0.0
trim_whitespace_167,generate_text_parser_file_167.cpp,5.520414031052328
parse_line_167,generate_text_parser_file_167.cpp,7.015526164462335
load_config_167,generate_text_parser_file_167.cpp,0.0
print_path_168,generate_graph_cpp_file_168.cpp,0.0
dijkstra_shortest_path_168,generate_graph_cpp_file_168.cpp,12.266450040617384
filter_active_records_169,generate_data_processing_file_169.cpp,0.0
sort_records_by_value_169,generate_data_processing_file_169.cpp,0.267379679144385
calculate_category_average_169,generate_data_processing_file_169.cpp,1.9021739130434785
run_processing_pipeline_169,generate_data_processing_file_169.cpp,8.16
Matrix_170::transpose,generate_matrix_cpp_file_170.cpp,0.0
Matrix_170::multiply,generate_matrix_cpp_file_170.cpp,0.0
trim_whitespace_171,generate_text_parser_file_171.cpp,5.520414031052328
parse_line_171,generate_text_parser_file_171.cpp,7.015526164462335
load_config_171,generate_text_parser_file_171.cpp,0.0
print_path_172,generate_graph_cpp_file_172.cpp,0.0
dijkstra_shortest_path_172,generate_graph_cpp_file_172.cpp,12.266450040617384
filter_active_records_173,generate_data_processing_file_173.cpp,0.0
sort_records_by_value_173,generate_data_processing_file_173.cpp,0.267379679144385
calculate_category_average_173,generate_data_processing_file_173.cpp,1.9021739130434785
run_processing_pipeline_173,generate_data_processing_file_173.cpp,8.16
Matrix_174::transpose,generate_matrix_cpp_file_174.cpp,0.0
Matrix_174::multiply,generate_matrix_cpp_file_174.cpp,0.0
trim_whitespace_175,generate_text_parser_file_175.cpp,5.520414031052328
parse_line_175,generate_text_parser_file_175.cpp,7.015526164462335
load_config_175,generate_text_parser_file_175.cpp,0.0
print_path_176,generate_graph_cpp_file_176.cpp,0.0
dijkstra_shortest_path_176,generate_graph_cpp_file_176.cpp,12.266450040617384
filter_active_records_177,generate_data_processing_file_177.cpp,0.0
sort_records_by_value_177,generate_data_processing_file_177.cpp,0.267379679144385
calculate_category_average_177,generate_data_processing_file_177.cpp,1.9021739130434785
run_processing_pipeline_177,generate_data_processing_file_177.cpp,8.16
Matrix_178::transpose,generate_matrix_cpp_file_178.cpp,0.0
Matrix_178::multiply,generate_matrix_cpp_file_178.cpp,0.0
trim_whitespace_179,generate_text_parser_file_179.cpp,5.520414031052328
parse_line_179,generate_text_parser_file_179.cpp,7.015526164462335
load_config_179,generate_text_parser_file_179.cpp,0.0
print_path_180,generate_graph_cpp_file_180.cpp,0.0
dijkstra_shortest_path_180,generate_graph_cpp_file_180.cpp,12.266450040617384
filter_active_records_181,generate_data_processing_file_181.cpp,0.0
sort_records_by_value_181,generate_data_processing_file_181.cpp,0.267379679144385
calculate_category_average_181,generate_data_processing_file_181.cpp,1.9021739130434785
run_processing_pipeline_181,generate_data_processing_file_181.cpp,8.16
Matrix_182::transpose,generate_matrix_cpp_file_182.cpp,0.0
Matrix_182::multiply,generate_matrix_cpp_file_182.cpp,0.0
trim_whitespace_183,generate_text_parser_file_183.cpp,5.520414031052328
parse_line_183,generate_text_parser_file_183.cpp,7.015526164462335
load_config_183,generate_text_parser_file_183.cpp,0.0
print_path_184,generate_graph_cpp_file_184.cpp,0.0
dijkstra_shortest_path_184,generate_graph_cpp_file_184.cpp,12.266450040617384
filter_active_records_185,generate_data_processing_file_185.cpp,0.0
sort_records_by_value_185,generate_data_processing_file_185.cpp,0.267379679144385
calculate_category_average_185,generate_data_processing_file_185.cpp,1.9021739130434785
run_processing_pipeline_185,generate_data_processing_file_185.cpp,8.16
Matrix_186::transpose,generate_matrix_cpp_file_186.cpp,0.0
Matrix_186::multiply,generate_matrix_cpp_file_186.cpp,0.0
trim_whitespace_187,generate_text_parser_file_187.cpp,5.520414031052328
parse_line_187,generate_text_parser_file_187.cpp,7.015526164462335
load_config_187,generate_text_parser_file_187.cpp,0.0
print_path_188,generate_graph_cpp_file_188.cpp,0.0
dijkstra_shortest_path_188,generate_graph_cpp_file_188.cpp,12.266450040617384
filter_active_records_189,generate_data_processing_file_189.cpp,0.0
sort_records_by_value_189,generate_data_processing_file_189.cpp,0.267379679144385
calculate_category_average_189,generate_data_processing_file_189.cpp,1.9021739130434785
run_processing_pipeline_189,generate_data_processing_file_189.cpp,8.16
Matrix_190::transpose,generate_matrix_cpp_file_190.cpp,0.0
Matrix_190::multiply,generate_matrix_cpp_file_190.cpp,0.0
trim_whitespace_191,generate_text_parser_file_191.cpp,5.520414031052328
parse_line_191,generate_text_parser_file_191.cpp,7.015526164462335
load_config_191,generate_text_parser_file_191.cpp,0.0
print_path_192,generate_graph_cpp_file_192.cpp,0.0
dijkstra_shortest_path_192,generate_graph_cpp_file_192.cpp,12.286411716842961
filter_active_records_193,generate_data_processing_file_193.cpp,0.0
sort_records_by_value_193,generate_data_processing_file_193.cpp,0.267379679144385
calculate_category_average_193,generate_data_processing_file_193.cpp,1.9021739130434785
run_processing_pipeline_193,generate_data_processing_file_193.cpp,8.16
Matrix_194::transpose,generate_matrix_cpp_file_194.cpp,0.0
Matrix_194::multiply,generate_matrix_cpp_file_194.cpp,0.0
trim_whitespace_195,generate_text_parser_file_195.cpp,5.520414031052328
parse_line_195,generate_text_parser_file_195.cpp,7.015526164462335
load_config_195,generate_text_parser_file_195.cpp,0.0
print_path_196,generate_graph_cpp_file_196.cpp,0.0
dijkstra_shortest_path_196,generate_graph_cpp_file_196.cpp,12.266450040617384
filter_active_records_197,generate_data_processing_file_197.cpp,0.0
sort_records_by_value_197,generate_data_processing_file_197.cpp,0.267379679144385
calculate_category_average_197,generate_data_processing_file_197.cpp,1.9021739130434785
run_processing_pipeline_197,generate_data_processing_file_197.cpp,8.16
Matrix_198::transpose,generate_matrix_cpp_file_198.cpp,0.0
Matrix_198::multiply,generate_matrix_cpp_file_198.cpp,0.0
trim_whitespace_199,generate_text_parser_file_199.cpp,5.520414031052328
parse_line_199,generate_text_parser_file_199.cpp,7.015526164462335
load_config_199,generate_text_parser_file_199.cpp,0.0
print_path_200,generate_graph_cpp_file_200.cpp,0.0
dijkstra_shortest_path_200,generate_graph_cpp_file_200.cpp,12.266450040617384
filter_active_records_201,generate_data_processing_file_201.cpp,0.0
sort_records_by_value_201,generate_data_processing_file_201.cpp,0.267379679144385
calculate_category_average_201,generate_data_processing_file_201.cpp,1.9021739130434785
run_processing_pipeline_201,generate_data_processing_file_201.cpp,8.16
Matrix_202::transpose,generate_matrix_cpp_file_202.cpp,0.0
Matrix_202::multiply,generate_matrix_cpp_file_202.cpp,0.0
trim_whitespace_203,generate_text_parser_file_203.cpp,5.520414031052328
parse_line_203,generate_text_parser_file_203.cpp,7.015526164462335
load_config_203,generate_text_parser_file_203.cpp,0.0
print_path_204,generate_graph_cpp_file_204.cpp,0.0
dijkstra_shortest_path_204,generate_graph_cpp_file_204.cpp,12.266450040617384
filter_active_records_205,generate_data_processing_file_205.cpp,0.0
sort_records_by_value_205,generate_data_processing_file_205.cpp,0.267379679144385
calculate_category_average_205,generate_data_processing_file_205.cpp,1.9021739130434785
run_processing_pipeline_205,generate_data_processing_file_205.cpp,8.16
Matrix_206::transpose,generate_matrix_cpp_file_206.cpp,0.0
Matrix_206::multiply,generate_matrix_cpp_file_206.cpp,0.0
trim_whitespace_207,generate_text_parser_file_207.cpp,5.520414031052328
parse_line_207,generate_text_parser_file_207.cpp,7.015526164462335
load_config_207,generate_text_parser_file_207.cpp,0.0
print_path_208,generate_graph_cpp_file_208.cpp,0.0
dijkstra_shortest_path_208,generate_graph_cpp_file_208.cpp,12.266450040617384
filter_active_records_209,generate_data_processing_file_209.cpp,0.0
sort_records_by_value_209,generate_data_processing_file_209.cpp,0.267379679144385
calculate_category_average_209,generate_data_processing_file_209.cpp,1.9021739130434785
run_processing_pipeline_209,generate_data_processing_file_209.cpp,8.16
Matrix_210::transpose,generate_matrix_cpp_file_210.cpp,0.0
Matrix_210::multiply,generate_matrix_cpp_file_210.cpp,0.0
trim_whitespace_211,generate_text_parser_file_211.cpp,5.520414031052328
parse_line_211,generate_text_parser_file_211.cpp,7.015526164462335
load_config_211,generate_text_parser_file_211.cpp,0.0
print_path_212,generate_graph_cpp_file_212.cpp,0.0
dijkstra_shortest_path_212,generate_graph_cpp_file_212.cpp,12.286411716842961
filter_active_records_213,generate_data_processing_file_213.cpp,0.0
sort_records_by_value_213,generate_data_processing_file_213.cpp,0.267379679144385
calculate_category_average_213,generate_data_processing_file_213.cpp,1.9021739130434785
run_processing_pipeline_213,generate_data_processing_file_213.cpp,8.16
Matrix_214::transpose,generate_matrix_cpp_file_214.cpp,0.0
Matrix_214::multiply,generate_matrix_cpp_file_214.cpp,0.0
trim_whitespace_215,generate_text_parser_file_215.cpp,5.520414031052328
parse_line_215,generate_text_parser_file_215.cpp,7.015526164462335
load_config_215,generate_text_parser_file_215.cpp,0.0
print_path_216,generate_graph_cpp_file_216.cpp,0.0
dijkstra_shortest_path_216,generate_graph_cpp_file_216.cpp,12.206952303961197
filter_active_records_217,generate_data_processing_file_217.cpp,0.0
sort_records_by_value_217,generate_data_processing_file_217.cpp,0.267379679144385
calculate_category_average_217,generate_data_processing_file_217.cpp,1.9021739130434785
run_processing_pipeline_217,generate_data_processing_file_217.cpp,8.16
Matrix_218::transpose,generate_matrix_cpp_file_218.cpp,0.0
Matrix_218::multiply,generate_matrix_cpp_file_218.cpp,0.0
trim_whitespace_219,generate_text_parser_file_219.cpp,5.520414031052328
parse_line_219,generate_text_parser_file_219.cpp,7.015526164462335
load_config_219,generate_text_parser_file_219.cpp,0.0
print_path_220,generate_graph_cpp_file_220.cpp,0.0
dijkstra_shortest_path_220,generate_graph_cpp_file_220.cpp,12.266450040617384
filter_active_records_221,generate_data_processing_file_221.cpp,0.0
sort_records_by_value_221,generate_data_processing_file_221.cpp,0.267379679144385
calculate_category_average_221,generate_data_processing_file_221.cpp,1.9021739130434785
run_processing_pipeline_221,generate_data_processing_file_221.cpp,8.16
Matrix_222::transpose,generate_matrix_cpp_file_222.cpp,0.0
Matrix_222::multiply,generate_matrix_cpp_file_222.cpp,0.0
trim_whitespace_223,generate_text_parser_file_223.cpp,5.520414031052328
parse_line_223,generate_text_parser_file_223.cpp,7.015526164462335
load_config_223,generate_text_parser_file_223.cpp,0.0
print_path_224,generate_graph_cpp_file_224.cpp,0.0
dijkstra_shortest_path_224,generate_graph_cpp_file_224.cpp,12.286411716842961
filter_active_records_225,generate_data_processing_file_225.cpp,0.0
sort_records_by_value_225,generate_data_processing_file_225.cpp,0.267379679144385
calculate_category_average_225,generate_data_processing_file_225.cpp,1.9021739130434785
run_processing_pipeline_225,generate_data_processing_file_225.cpp,8.16
Matrix_226::transpose,generate_matrix_cpp_file_226.cpp,0.0
Matrix_226::multiply,generate_matrix_cpp_file_226.cpp,0.0
trim_whitespace_227,generate_text_parser_file_227.cpp,5.520414031052328
parse_line_227,generate_text_parser_file_227.cpp,7.015526164462335
load_config_227,generate_text_parser_file_227.cpp,0.0
print_path_228,generate_graph_cpp_file_228.cpp,0.0
dijkstra_shortest_path_228,generate_graph_cpp_file_228.cpp,12.266450040617384
filter_active_records_229,generate_data_processing_file_229.cpp,0.0
sort_records_by_value_229,generate_data_processing_file_229.cpp,0.267379679144385
calculate_category_average_229,generate_data_processing_file_229.cpp,1.9021739130434785
run_processing_pipeline_229,generate_data_processing_file_229.cpp,8.16
Matrix_230::transpose,generate_matrix_cpp_file_230.cpp,0.0
Matrix_230::multiply,generate_matrix_cpp_file_230.cpp,0.0
trim_whitespace_231,generate_text_parser_file_231.cpp,5.520414031052328
parse_line_231,generate_text_parser_file_231.cpp,7.015526164462335
load_config_231,generate_text_parser_file_231.cpp,0.0
print_path_232,generate_graph_cpp_file_232.cpp,0.0
dijkstra_shortest_path_232,generate_graph_cpp_file_232.cpp,12.266450040617384
filter_active_records_233,generate_data_processing_file_233.cpp,0.0
sort_records_by_value_233,generate_data_processing_file_233.cpp,0.267379679144385
calculate_category_average_233,generate_data_processing_file_233.cpp,1.9021739130434785
run_processing_pipeline_233,generate_data_processing_file_233.cpp,8.16
Matrix_234::transpose,generate_matrix_cpp_file_234.cpp,0.0
Matrix_234::multiply,generate_matrix_cpp_file_234.cpp,0.0
trim_whitespace_235,generate_text_parser_file_235.cpp,5.520414031052328
parse_line_235,generate_text_parser_file_235.cpp,7.015526164462335
load_config_235,generate_text_parser_file_235.cpp,0.0
print_path_236,generate_graph_cpp_file_236.cpp,0.0
dijkstra_shortest_path_236,generate_graph_cpp_file_236.cpp,12.286411716842961
filter_active_records_237,generate_data_processing_file_237.cpp,0.0
sort_records_by_value_237,generate_data_processing_file_237.cpp,0.267379679144385
calculate_category_average_237,generate_data_processing_file_237.cpp,1.9021739130434785
run_processing_pipeline_237,generate_data_processing_file_237.cpp,8.16
Matrix_238::transpose,generate_matrix_cpp_file_238.cpp,0.0
Matrix_238::multiply,generate_matrix_cpp_file_238.cpp,0.0
trim_whitespace_239,generate_text_parser_file_239.cpp,5.520414031052328
parse_line_239,generate_text_parser_file_239.cpp,7.015526164462335
load_config_239,generate_text_parser_file_239.cpp,0.0
print_path_240,generate_graph_cpp_file_240.cpp,0.0
dijkstra_shortest_path_240,generate_graph_cpp_file_240.cpp,12.286411716842961
filter_active_records_241,generate_data_processing_file_241.cpp,0.0
sort_records_by_value_241,generate_data_processing_file_241.cpp,0.267379679144385
calculate_category_average_241,generate_data_processing_file_241.cpp,1.9021739130434785
run_processing_pipeline_241,generate_data_processing_file_241.cpp,8.16
Matrix_242::transpose,generate_matrix_cpp_file_242.cpp,0.0
Matrix_242::multiply,generate_matrix_cpp_file_242.cpp,0.0
trim_whitespace_243,generate_text_parser_file_243.cpp,5.520414031052328
parse_line_243,generate_text_parser_file_243.cpp,7.015526164462335
load_config_243,generate_text_parser_file_243.cpp,0.0
print_path_244,generate_graph_cpp_file_244.cpp,0.0
dijkstra_shortest_path_244,generate_graph_cpp_file_244.cpp,12.206952303961197
filter_active_records_245,generate_data_processing_file_245.cpp,0.0
sort_records_by_value_245,generate_data_processing_file_245.cpp,0.267379679144385
calculate_category_average_245,generate_data_processing_file_245.cpp,1.9021739130434785
run_processing_pipeline_245,generate_data_processing_file_245.cpp,8.16
Matrix_246::transpose,generate_matrix_cpp_file_246.cpp,0.0
Matrix_246::multiply,generate_matrix_cpp_file_246.cpp,0.0
trim_whitespace_247,generate_text_parser_file_247.cpp,5.520414031052328
parse_line_247,generate_text_parser_file_247.cpp,7.015526164462335
load_config_247,generate_text_parser_file_247.cpp,0.0
print_path_248,generate_graph_cpp_file_248.cpp,0.0
dijkstra_shortest_path_248,generate_graph_cpp_file_248.cpp,12.266450040617384
filter_active_records_249,generate_data_processing_file_249.cpp,0.0
sort_records_by_value_249,generate_data_processing_file_249.cpp,0.267379679144385
calculate_category_average_249,generate_data_processing_file_249.cpp,1.9021739130434785
run_processing_pipeline_249,generate_data_processing_file_249.cpp,8.16
